Ses01F_impro01_F000,neu
Ses01F_impro01_F001,neu
Ses01F_impro01_F002,neu
Ses01F_impro01_F003,xxx
Ses01F_impro01_F004,xxx
Ses01F_impro01_F005,neu
Ses01F_impro01_F006,fru
Ses01F_impro01_F007,fru
Ses01F_impro01_F008,fru
Ses01F_impro01_F009,fru
Ses01F_impro01_F010,xxx
Ses01F_impro01_F011,fru
Ses01F_impro01_F012,ang
Ses01F_impro01_F013,fru
Ses01F_impro01_F014,neu
Ses01F_impro01_F015,fru
Ses01F_impro01_M000,fru
Ses01F_impro01_M001,fru
Ses01F_impro01_M002,fru
Ses01F_impro01_M003,fru
Ses01F_impro01_M004,fru
Ses01F_impro01_M005,fru
Ses01F_impro01_M006,fru
Ses01F_impro01_M007,fru
Ses01F_impro01_M008,fru
Ses01F_impro01_M009,fru
Ses01F_impro01_M010,fru
Ses01F_impro01_M011,ang
Ses01F_impro01_M012,xxx
Ses01F_impro01_M013,ang
